test_loss,test_acc,round
1.2409162536621094,0.5722,1
1.2283947631835936,0.571,2
1.2600539228439331,0.5674,3
1.1879099420547485,0.5996,4
1.2061334771156311,0.5874,5
1.2590372987747191,0.5816,6
1.1809343111991881,0.5987,7
1.2124387478828431,0.5939,8
1.2691607635498048,0.5768,9
1.2870786714553832,0.5732,10
