test_loss,test_acc,round
1.826422074508667,0.3933,1
1.7765430992126465,0.4206,2
1.76654168510437,0.4302,3
