test_loss,test_acc,round
2.3080669116973875,0.1014,1
2.304116968917847,0.1041,2
2.3045893363952636,0.1097,3
