round,loss,acc
0,2.3084460914611817,0.0904
1,1.9964414722442627,0.3236
2,1.870620913696289,0.3765
3,1.83146534576416,0.3845
